"RowNames","CLAPUR","COLLIN","COLLOM","EPIDEN","GILCAP","NAVSQU","PLAFIG","PLECON"
"CLAPUR",0.0887351461083249,0.0373192611312409,0.0314010204742364,-0.00806099135318692,-0.16117426718626,0.0310299347834935,-0.0839263339661726,0.256744619400278
"COLLIN",0.0756514019438883,0.0780043230825671,-0.0121974731541605,-0.105021432117707,-0.0117704188802041,0.00035234927118529,0.202568111552363,0.0790804909550141
"COLLOM",0.144708577839386,-0.161519450033497,-0.0702232066860927,0.24559438263893,0.108641728431935,0.0154075010617005,-0.577384504370975,0.0926095493426877
"EPIDEN",0.0789588979236057,0.0134146266053501,-0.0305099676276585,-6.54624764202893e-05,0.0737157050817304,0.0211964442340857,0.00701919390185282,0.209233046791459
"GILCAP",0.0681631215643352,0.212253970474096,0.119382289188914,-0.0948574531072722,0.130519597410162,0.0491314899098225,0.0211892606675643,-0.108879146937092
"NAVSQU",0.0176508544843807,-0.046872763168669,-0.0749917934134904,0.0318413782630657,0.00970705890335503,-0.00215489396176298,0.32435585991958,0.253963993049463
"PLAFIG",0.131972999978023,0.0276203851861689,0.00357518671057932,0.14122245907768,-0.0323119718324633,0.0247679304421259,0.0387085337666911,0.359393971313539
"PLECON",0.0320311028464181,0.00445510657148173,0.0535910301662292,0.226169030074005,0.0934726518659173,0.0250122852149136,-0.594491633255563,0.321125162633185
