"RowNames","CLAPUR","COLLIN","COLLOM","EPIDEN","GILCAP","NAVSQU","PLAFIG","PLECON"
"CLAPUR",0.0767178083808796,-0.00129873195267584,-0.00193514934137634,-0.121673625700676,-0.0209853519641169,0.0351555437555642,0.945372406112516,0.0914742330643757
"COLLIN",-0.0500324099116026,0.0670973764928611,0.132951909315588,-0.0293042410082576,0.164715216271465,-0.0203662883932654,0.0976612069600476,0.0400612259854759
"COLLOM",0.0458291452789132,0.252786089073379,0.117651812762766,0.0469311933116789,0.0104457095336947,0.0265481335684468,-0.419543435984033,-0.0690002632574732
"EPIDEN",0.193726949564384,-0.0424886296745767,-0.121390675724593,-0.00493088863609722,0.00863199142294873,-0.00701877986510332,-0.338433848172201,0.00994173634046425
"GILCAP",0.0942867681350674,0.00906696939572217,-0.0996641575338295,0.0436870473026598,0.135663556913667,-0.022878099938801,0.0952698070347935,0.433465798389854
"NAVSQU",0.217262031659291,-0.0417918247480196,0.396608703663164,-0.117497229492286,0.126075479163682,0.0615267252889195,-0.292373162982441,0.532817116593437
"PLAFIG",0.0332892508864153,0.260186627697443,0.306455748590208,0.0945393498583041,0.0261217651697424,0.0619873972840093,-0.253586737782819,-0.0624810439726714
"PLECON",0.0699866874836007,0.0106736571950773,0.141360409598284,0.0926916097761617,-0.0696683880683429,-0.00591778022317231,0.329534510423085,0.350296865408486
